<SOAP:Envelope xmlns:SOAP="http://schemas.xmlsoap.org/soap/envelope/">
	<SOAP:Body>
		<SOAP:Fault>
			<faultcode>Server.Business</faultcode>
			<faultstring>WARNING INVALID - CHECK NUMBER OF ADULTS *</faultstring>
			<detail>
				<common_v52_0:ErrorInfo xmlns:common_v52_0="http://www.travelport.com/schema/common_v52_0">
					<common_v52_0:Code>5000</common_v52_0:Code>
					<common_v52_0:Service>HTLSVC</common_v52_0:Service>
					<common_v52_0:Type>Business</common_v52_0:Type>
					<common_v52_0:Description>General hotel service error.</common_v52_0:Description>
					<common_v52_0:TransactionId>EEE25A760A0EE02112546F72FA392205</common_v52_0:TransactionId>
					<common_v52_0:TraceId>8cd78dc5-9210-4195-becf-456hy34khf34ew4</common_v52_0:TraceId>
				</common_v52_0:ErrorInfo>
			</detail>
		</SOAP:Fault>
	</SOAP:Body>
</SOAP:Envelope>
